-- Adminer 4.8.1 MySQL 5.5.5-10.3.38-MariaDB-0ubuntu0.20.04.1 dump

SET NAMES utf8;
SET time_zone = '+00:00';
SET foreign_key_checks = 0;
SET sql_mode = 'NO_AUTO_VALUE_ON_ZERO';

TRUNCATE `candidates`;
INSERT INTO `candidates` (`id`, `commune`, `name`) VALUES
(1,	1,	'Candidato 1'),
(2,	2,	'Candidato 2'),
(3,	3,	'Candidato 3'),
(4,	4,	'Candidato 4'),
(5,	5,	'Candidato 5'),
(6,	6,	'Candidato 6'),
(7,	7,	'Candidato 7'),
(8,	8,	'Candidato 8'),
(9,	9,	'Candidato 9'),
(10,	10,	'Candidato 10'),
(11,	11,	'Candidato 11'),
(12,	12,	'Candidato 12'),
(13,	13,	'Candidato 13'),
(14,	14,	'Candidato 14'),
(15,	15,	'Candidato 15'),
(16,	16,	'Candidato 16'),
(17,	17,	'Candidato 17'),
(18,	18,	'Candidato 18'),
(19,	19,	'Candidato 19'),
(20,	20,	'Candidato 20'),
(21,	21,	'Candidato 21'),
(22,	22,	'Candidato 22'),
(23,	23,	'Candidato 23'),
(24,	24,	'Candidato 24'),
(25,	25,	'Candidato 25'),
(26,	26,	'Candidato 26'),
(27,	27,	'Candidato 27'),
(28,	28,	'Candidato 28'),
(29,	29,	'Candidato 29'),
(30,	30,	'Candidato 30'),
(31,	31,	'Candidato 31'),
(32,	32,	'Candidato 32'),
(33,	33,	'Candidato 33'),
(34,	34,	'Candidato 34'),
(35,	35,	'Candidato 35'),
(36,	36,	'Candidato 36'),
(37,	37,	'Candidato 37'),
(38,	38,	'Candidato 38'),
(39,	39,	'Candidato 39'),
(40,	40,	'Candidato 40'),
(41,	41,	'Candidato 41'),
(42,	42,	'Candidato 42'),
(43,	43,	'Candidato 43'),
(44,	44,	'Candidato 44'),
(45,	45,	'Candidato 45'),
(46,	46,	'Candidato 46'),
(47,	47,	'Candidato 47'),
(48,	48,	'Candidato 48'),
(49,	49,	'Candidato 49'),
(50,	50,	'Candidato 50'),
(51,	51,	'Candidato 51'),
(52,	52,	'Candidato 52'),
(53,	53,	'Candidato 53'),
(54,	54,	'Candidato 54'),
(55,	55,	'Candidato 55'),
(56,	56,	'Candidato 56'),
(57,	57,	'Candidato 57'),
(58,	58,	'Candidato 58'),
(59,	59,	'Candidato 59'),
(60,	60,	'Candidato 60'),
(61,	61,	'Candidato 61'),
(62,	62,	'Candidato 62'),
(63,	63,	'Candidato 63'),
(64,	64,	'Candidato 64'),
(65,	65,	'Candidato 65'),
(66,	66,	'Candidato 66'),
(67,	67,	'Candidato 67'),
(68,	68,	'Candidato 68'),
(69,	69,	'Candidato 69'),
(70,	70,	'Candidato 70'),
(71,	71,	'Candidato 71'),
(72,	72,	'Candidato 72'),
(73,	73,	'Candidato 73'),
(74,	74,	'Candidato 74'),
(75,	75,	'Candidato 75'),
(76,	76,	'Candidato 76'),
(77,	77,	'Candidato 77'),
(78,	78,	'Candidato 78'),
(79,	79,	'Candidato 79'),
(80,	80,	'Candidato 80'),
(81,	81,	'Candidato 81'),
(82,	82,	'Candidato 82'),
(83,	83,	'Candidato 83'),
(84,	84,	'Candidato 84'),
(85,	85,	'Candidato 85'),
(86,	86,	'Candidato 86'),
(87,	87,	'Candidato 87'),
(88,	88,	'Candidato 88'),
(89,	89,	'Candidato 89'),
(90,	90,	'Candidato 90'),
(91,	91,	'Candidato 91'),
(92,	92,	'Candidato 92'),
(93,	93,	'Candidato 93'),
(94,	94,	'Candidato 94'),
(95,	95,	'Candidato 95'),
(96,	96,	'Candidato 96'),
(97,	97,	'Candidato 97'),
(98,	98,	'Candidato 98'),
(99,	99,	'Candidato 99'),
(100,	100,	'Candidato 100'),
(101,	101,	'Candidato 101'),
(102,	102,	'Candidato 102'),
(103,	103,	'Candidato 103'),
(104,	104,	'Candidato 104'),
(105,	105,	'Candidato 105'),
(106,	106,	'Candidato 106'),
(107,	107,	'Candidato 107'),
(108,	108,	'Candidato 108'),
(109,	109,	'Candidato 109'),
(110,	110,	'Candidato 110'),
(111,	111,	'Candidato 111'),
(112,	112,	'Candidato 112'),
(113,	113,	'Candidato 113'),
(114,	114,	'Candidato 114'),
(115,	115,	'Candidato 115'),
(116,	116,	'Candidato 116'),
(117,	117,	'Candidato 117'),
(118,	118,	'Candidato 118'),
(119,	119,	'Candidato 119'),
(120,	120,	'Candidato 120'),
(121,	121,	'Candidato 121'),
(122,	122,	'Candidato 122'),
(123,	123,	'Candidato 123'),
(124,	124,	'Candidato 124'),
(125,	125,	'Candidato 125'),
(126,	126,	'Candidato 126'),
(127,	127,	'Candidato 127'),
(128,	128,	'Candidato 128'),
(129,	129,	'Candidato 129'),
(130,	130,	'Candidato 130'),
(131,	131,	'Candidato 131'),
(132,	132,	'Candidato 132'),
(133,	133,	'Candidato 133'),
(134,	134,	'Candidato 134'),
(135,	135,	'Candidato 135'),
(136,	136,	'Candidato 136'),
(137,	137,	'Candidato 137'),
(138,	138,	'Candidato 138'),
(139,	139,	'Candidato 139'),
(140,	140,	'Candidato 140'),
(141,	141,	'Candidato 141'),
(142,	142,	'Candidato 142'),
(143,	143,	'Candidato 143'),
(144,	144,	'Candidato 144'),
(145,	145,	'Candidato 145'),
(146,	146,	'Candidato 146'),
(147,	147,	'Candidato 147'),
(148,	148,	'Candidato 148'),
(149,	149,	'Candidato 149'),
(150,	150,	'Candidato 150'),
(151,	151,	'Candidato 151'),
(152,	152,	'Candidato 152'),
(153,	153,	'Candidato 153'),
(154,	154,	'Candidato 154'),
(155,	155,	'Candidato 155'),
(156,	156,	'Candidato 156'),
(157,	157,	'Candidato 157'),
(158,	158,	'Candidato 158'),
(159,	159,	'Candidato 159'),
(160,	160,	'Candidato 160'),
(161,	161,	'Candidato 161'),
(162,	162,	'Candidato 162'),
(163,	163,	'Candidato 163'),
(164,	164,	'Candidato 164'),
(165,	165,	'Candidato 165'),
(166,	166,	'Candidato 166'),
(167,	167,	'Candidato 167'),
(168,	168,	'Candidato 168'),
(169,	169,	'Candidato 169'),
(170,	170,	'Candidato 170'),
(171,	171,	'Candidato 171'),
(172,	172,	'Candidato 172'),
(173,	173,	'Candidato 173'),
(174,	174,	'Candidato 174'),
(175,	175,	'Candidato 175'),
(176,	176,	'Candidato 176'),
(177,	177,	'Candidato 177'),
(178,	178,	'Candidato 178'),
(179,	179,	'Candidato 179'),
(180,	180,	'Candidato 180'),
(181,	181,	'Candidato 181'),
(182,	182,	'Candidato 182'),
(183,	183,	'Candidato 183'),
(184,	184,	'Candidato 184'),
(185,	185,	'Candidato 185'),
(186,	186,	'Candidato 186'),
(187,	187,	'Candidato 187'),
(188,	188,	'Candidato 188'),
(189,	189,	'Candidato 189'),
(190,	190,	'Candidato 190'),
(191,	191,	'Candidato 191'),
(192,	192,	'Candidato 192'),
(193,	193,	'Candidato 193'),
(194,	194,	'Candidato 194'),
(195,	195,	'Candidato 195'),
(196,	196,	'Candidato 196'),
(197,	197,	'Candidato 197'),
(198,	198,	'Candidato 198'),
(199,	199,	'Candidato 199'),
(200,	200,	'Candidato 200'),
(201,	201,	'Candidato 201'),
(202,	202,	'Candidato 202'),
(203,	203,	'Candidato 203'),
(204,	204,	'Candidato 204'),
(205,	205,	'Candidato 205'),
(206,	206,	'Candidato 206'),
(207,	207,	'Candidato 207'),
(208,	208,	'Candidato 208'),
(209,	209,	'Candidato 209'),
(210,	210,	'Candidato 210'),
(211,	211,	'Candidato 211'),
(212,	212,	'Candidato 212'),
(213,	213,	'Candidato 213'),
(214,	214,	'Candidato 214'),
(215,	215,	'Candidato 215'),
(216,	216,	'Candidato 216'),
(217,	217,	'Candidato 217'),
(218,	218,	'Candidato 218'),
(219,	219,	'Candidato 219'),
(220,	220,	'Candidato 220'),
(221,	221,	'Candidato 221'),
(222,	222,	'Candidato 222'),
(223,	223,	'Candidato 223'),
(224,	224,	'Candidato 224'),
(225,	225,	'Candidato 225'),
(226,	226,	'Candidato 226'),
(227,	227,	'Candidato 227'),
(228,	228,	'Candidato 228'),
(229,	229,	'Candidato 229'),
(230,	230,	'Candidato 230'),
(231,	231,	'Candidato 231'),
(232,	232,	'Candidato 232'),
(233,	233,	'Candidato 233'),
(234,	234,	'Candidato 234'),
(235,	235,	'Candidato 235'),
(236,	236,	'Candidato 236'),
(237,	237,	'Candidato 237'),
(238,	238,	'Candidato 238'),
(239,	239,	'Candidato 239'),
(240,	240,	'Candidato 240'),
(241,	241,	'Candidato 241'),
(242,	242,	'Candidato 242'),
(243,	243,	'Candidato 243'),
(244,	244,	'Candidato 244'),
(245,	245,	'Candidato 245'),
(246,	246,	'Candidato 246'),
(247,	247,	'Candidato 247'),
(248,	248,	'Candidato 248'),
(249,	249,	'Candidato 249'),
(250,	250,	'Candidato 250'),
(251,	251,	'Candidato 251'),
(252,	252,	'Candidato 252'),
(253,	253,	'Candidato 253'),
(254,	254,	'Candidato 254'),
(255,	255,	'Candidato 255'),
(256,	256,	'Candidato 256'),
(257,	257,	'Candidato 257'),
(258,	258,	'Candidato 258'),
(259,	259,	'Candidato 259'),
(260,	260,	'Candidato 260'),
(261,	261,	'Candidato 261'),
(262,	262,	'Candidato 262'),
(263,	263,	'Candidato 263'),
(264,	264,	'Candidato 264'),
(265,	265,	'Candidato 265'),
(266,	266,	'Candidato 266'),
(267,	267,	'Candidato 267'),
(268,	268,	'Candidato 268'),
(269,	269,	'Candidato 269'),
(270,	270,	'Candidato 270'),
(271,	271,	'Candidato 271'),
(272,	272,	'Candidato 272'),
(273,	273,	'Candidato 273'),
(274,	274,	'Candidato 274'),
(275,	275,	'Candidato 275'),
(276,	276,	'Candidato 276'),
(277,	277,	'Candidato 277'),
(278,	278,	'Candidato 278'),
(279,	279,	'Candidato 279'),
(280,	280,	'Candidato 280'),
(281,	281,	'Candidato 281'),
(282,	282,	'Candidato 282'),
(283,	283,	'Candidato 283'),
(284,	284,	'Candidato 284'),
(285,	285,	'Candidato 285'),
(286,	286,	'Candidato 286'),
(287,	287,	'Candidato 287'),
(288,	288,	'Candidato 288'),
(289,	289,	'Candidato 289'),
(290,	290,	'Candidato 290'),
(291,	291,	'Candidato 291'),
(292,	292,	'Candidato 292'),
(293,	293,	'Candidato 293'),
(294,	294,	'Candidato 294'),
(295,	295,	'Candidato 295'),
(296,	296,	'Candidato 296'),
(297,	297,	'Candidato 297'),
(298,	298,	'Candidato 298'),
(299,	299,	'Candidato 299'),
(300,	300,	'Candidato 300'),
(301,	301,	'Candidato 301'),
(302,	302,	'Candidato 302'),
(303,	303,	'Candidato 303'),
(304,	304,	'Candidato 304'),
(305,	305,	'Candidato 305'),
(306,	306,	'Candidato 306'),
(307,	307,	'Candidato 307'),
(308,	308,	'Candidato 308'),
(309,	309,	'Candidato 309'),
(310,	310,	'Candidato 310'),
(311,	311,	'Candidato 311'),
(312,	312,	'Candidato 312'),
(313,	313,	'Candidato 313'),
(314,	314,	'Candidato 314'),
(315,	315,	'Candidato 315'),
(316,	316,	'Candidato 316'),
(317,	317,	'Candidato 317'),
(318,	318,	'Candidato 318'),
(319,	319,	'Candidato 319'),
(320,	320,	'Candidato 320'),
(321,	321,	'Candidato 321'),
(322,	322,	'Candidato 322'),
(323,	323,	'Candidato 323'),
(324,	324,	'Candidato 324'),
(325,	325,	'Candidato 325'),
(326,	326,	'Candidato 326'),
(327,	327,	'Candidato 327'),
(328,	328,	'Candidato 328'),
(329,	329,	'Candidato 329'),
(330,	330,	'Candidato 330');

TRUNCATE `communes`;
INSERT INTO `communes` (`id`, `region`, `name`) VALUES
(1,	1,	'Arica'),
(2,	1,	'Camarones'),
(3,	1,	'Putre'),
(4,	1,	'General Lagos'),
(5,	2,	'Iquique'),
(6,	2,	'Alto Hospicio'),
(7,	2,	'Pozo Almonte'),
(8,	2,	'Camiña'),
(9,	2,	'Colchane'),
(10,	2,	'Huara'),
(11,	2,	'Pica'),
(12,	3,	'Antofagasta'),
(13,	3,	'Mejillones'),
(14,	3,	'Sierra Gorda'),
(15,	3,	'Taltal'),
(16,	3,	'Calama'),
(17,	3,	'Ollagüe'),
(18,	3,	'San Pedro de Atacama'),
(19,	3,	'Tocopilla'),
(20,	3,	'María Elena'),
(21,	4,	'Copiapó'),
(22,	4,	'Caldera'),
(23,	4,	'Tierra Amarilla'),
(24,	4,	'Chañaral'),
(25,	4,	'Diego de Almagro'),
(26,	4,	'Vallenar'),
(27,	4,	'Alto del Carmen'),
(28,	4,	'Freirina'),
(29,	4,	'Huasco'),
(30,	5,	'La Serena'),
(31,	5,	'Coquimbo'),
(32,	5,	'Andacollo'),
(33,	5,	'La Higuera'),
(34,	5,	'Paiguano'),
(35,	5,	'Vicuña'),
(36,	5,	'Illapel'),
(37,	5,	'Canela'),
(38,	5,	'Los Vilos'),
(39,	5,	'Salamanca'),
(40,	5,	'Ovalle'),
(41,	5,	'Combarbalá'),
(42,	5,	'Monte Patria'),
(43,	5,	'Punitaqui'),
(44,	5,	'Río Hurtado'),
(45,	6,	'Valparaíso'),
(46,	6,	'Casablanca'),
(47,	6,	'Concón'),
(48,	6,	'Juan Fernández'),
(49,	6,	'Puchuncaví'),
(50,	6,	'Quintero'),
(51,	6,	'Viña del Mar'),
(52,	6,	'Isla de Pascua'),
(53,	6,	'Los Andes'),
(54,	6,	'Calle Larga'),
(55,	6,	'Rinconada'),
(56,	6,	'San Esteban'),
(57,	6,	'La Ligua'),
(58,	6,	'Cabildo'),
(59,	6,	'Papudo'),
(60,	6,	'Petorca'),
(61,	6,	'Zapallar'),
(62,	6,	'Quillota'),
(63,	6,	'Calera'),
(64,	6,	'Hijuelas'),
(65,	6,	'La Cruz'),
(66,	6,	'Nogales'),
(67,	6,	'San Antonio'),
(68,	6,	'Algarrobo'),
(69,	6,	'Cartagena'),
(70,	6,	'El Quisco'),
(71,	6,	'El Tabo'),
(72,	6,	'Santo Domingo'),
(73,	6,	'San Felipe'),
(74,	6,	'Catemu'),
(75,	6,	'Llaillay'),
(76,	6,	'Panquehue'),
(77,	6,	'Putaendo'),
(78,	6,	'Santa María'),
(79,	6,	'Quilpué'),
(80,	6,	'Limache'),
(81,	6,	'Olmué'),
(82,	6,	'Villa Alemana'),
(83,	7,	'Santiago'),
(84,	7,	'Cerrillos'),
(85,	7,	'Cerro Navia'),
(86,	7,	'Conchalí'),
(87,	7,	'El Bosque'),
(88,	7,	'Estación Central'),
(89,	7,	'Huechuraba'),
(90,	7,	'Independencia'),
(91,	7,	'La Cisterna'),
(92,	7,	'La Florida'),
(93,	7,	'La Granja'),
(94,	7,	'La Pintana'),
(95,	7,	'La Reina'),
(96,	7,	'Las Condes'),
(97,	7,	'Lo Barnechea'),
(98,	7,	'Lo Espejo'),
(99,	7,	'Lo Prado'),
(100,	7,	'Macul'),
(101,	7,	'Maipú'),
(102,	7,	'Ñuñoa'),
(103,	7,	'Pedro Aguirre Cerda'),
(104,	7,	'Peñalolén'),
(105,	7,	'Providencia'),
(106,	7,	'Pudahuel'),
(107,	7,	'Quilicura'),
(108,	7,	'Quinta Normal'),
(109,	7,	'Recoleta'),
(110,	7,	'Renca'),
(111,	7,	'San Joaquín'),
(112,	7,	'San Miguel'),
(113,	7,	'San Ramón'),
(114,	7,	'Vitacura'),
(115,	7,	'Puente Alto'),
(116,	7,	'Pirque'),
(117,	7,	'San José de Maipo'),
(118,	7,	'Colina'),
(119,	7,	'Lampa'),
(120,	7,	'Tiltil'),
(121,	7,	'San Bernardo'),
(122,	7,	'Buin'),
(123,	7,	'Calera de Tango'),
(124,	7,	'Paine'),
(125,	7,	'Melipilla'),
(126,	7,	'Alhué'),
(127,	7,	'Curacaví'),
(128,	7,	'María Pinto'),
(129,	7,	'San Pedro'),
(130,	7,	'Talagante'),
(131,	7,	'El Monte'),
(132,	7,	'Isla de Maipo'),
(133,	7,	'Padre Hurtado'),
(134,	7,	'Peñaflor'),
(135,	8,	'Rancagua'),
(136,	8,	'Codegua'),
(137,	8,	'Coinco'),
(138,	8,	'Coltauco'),
(139,	8,	'Doñihue'),
(140,	8,	'Graneros'),
(141,	8,	'Las Cabras'),
(142,	8,	'Machalí'),
(143,	8,	'Malloa'),
(144,	8,	'Mostazal'),
(145,	8,	'Olivar'),
(146,	8,	'Peumo'),
(147,	8,	'Pichidegua'),
(148,	8,	'Quinta de Tilcoco'),
(149,	8,	'Rengo'),
(150,	8,	'Requínoa'),
(151,	8,	'San Vicente'),
(152,	9,	'Talca'),
(153,	9,	'Constitución'),
(154,	9,	'Curepto'),
(155,	9,	'Empedrado'),
(156,	9,	'Maule'),
(157,	9,	'Pelarco'),
(158,	9,	'Pencahue'),
(159,	9,	'Río Claro'),
(160,	9,	'San Clemente'),
(161,	9,	'San Rafael'),
(162,	9,	'Cauquenes'),
(163,	9,	'Chanco'),
(164,	9,	'Pelluhue'),
(165,	9,	'Curicó'),
(166,	9,	'Hualañé'),
(167,	9,	'Licantén'),
(168,	9,	'Molina'),
(169,	9,	'Rauco'),
(170,	9,	'Romeral'),
(171,	9,	'Sagrada Familia'),
(172,	9,	'Teno'),
(173,	9,	'Vichuquén'),
(174,	9,	'Linares'),
(175,	9,	'Colbún'),
(176,	9,	'Longaví'),
(177,	9,	'Parral'),
(178,	9,	'Retiro'),
(179,	9,	'San Javier'),
(180,	9,	'Villa Alegre'),
(181,	9,	'Yerbas Buenas'),
(182,	10,	'Chillán'),
(183,	10,	'Bulnes'),
(184,	10,	'Cobquecura'),
(185,	10,	'Coelemu'),
(186,	10,	'Coihueco'),
(187,	10,	'Chillán Viejo'),
(188,	10,	'El Carmen'),
(189,	10,	'Ninhue'),
(190,	10,	'Ñiquén'),
(191,	10,	'Pemuco'),
(192,	10,	'Pinto'),
(193,	10,	'Portezuelo'),
(194,	10,	'Quillón'),
(195,	10,	'Quirihue'),
(196,	10,	'Ránquil'),
(197,	10,	'San Carlos'),
(198,	10,	'San Fabián'),
(199,	10,	'San Ignacio'),
(200,	10,	'San Nicolás'),
(201,	10,	'Treguaco'),
(202,	10,	'Yungay'),
(203,	11,	'Concepción'),
(204,	11,	'Coronel'),
(205,	11,	'Chiguayante'),
(206,	11,	'Florida'),
(207,	11,	'Hualqui'),
(208,	11,	'Lota'),
(209,	11,	'Penco'),
(210,	11,	'San Pedro de la Paz'),
(211,	11,	'Santa Juana'),
(212,	11,	'Talcahuano'),
(213,	11,	'Tomé'),
(214,	11,	'Hualpén'),
(215,	11,	'Lebu'),
(216,	11,	'Arauco'),
(217,	11,	'Cañete'),
(218,	11,	'Contulmo'),
(219,	11,	'Curanilahue'),
(220,	11,	'Los Álamos'),
(221,	11,	'Tirúa'),
(222,	11,	'Los Ángeles'),
(223,	11,	'Antuco'),
(224,	11,	'Cabrero'),
(225,	11,	'Laja'),
(226,	11,	'Mulchén'),
(227,	11,	'Nacimiento'),
(228,	11,	'Negrete'),
(229,	11,	'Quilaco'),
(230,	11,	'Quilleco'),
(231,	11,	'San Rosendo'),
(232,	11,	'Santa Bárbara'),
(233,	11,	'Tucapel'),
(234,	11,	'Yumbel'),
(235,	11,	'Alto Biobío'),
(236,	12,	'Temuco'),
(237,	12,	'Carahue'),
(238,	12,	'Cunco'),
(239,	12,	'Curarrehue'),
(240,	12,	'Freire'),
(241,	12,	'Galvarino'),
(242,	12,	'Gorbea'),
(243,	12,	'Lautaro'),
(244,	12,	'Loncoche'),
(245,	12,	'Melipeuco'),
(246,	12,	'Nueva Imperial'),
(247,	12,	'Padre las Casas'),
(248,	12,	'Perquenco'),
(249,	12,	'Pitrufquén'),
(250,	12,	'Pucón'),
(251,	12,	'Saavedra'),
(252,	12,	'Teodoro Schmidt'),
(253,	12,	'Toltén'),
(254,	12,	'Vilcún'),
(255,	12,	'Villarrica'),
(256,	12,	'Cholchol'),
(257,	12,	'Angol'),
(258,	12,	'Collipulli'),
(259,	12,	'Curacautín'),
(260,	12,	'Ercilla'),
(261,	12,	'Lonquimay'),
(262,	12,	'Los Sauces'),
(263,	12,	'Lumaco'),
(264,	12,	'Purén'),
(265,	12,	'Renaico'),
(266,	12,	'Traiguén'),
(267,	12,	'Victoria'),
(268,	13,	'Valdivia'),
(269,	13,	'Corral'),
(270,	13,	'Lanco'),
(271,	13,	'Los Lagos'),
(272,	13,	'Máfil'),
(273,	13,	'Mariquina'),
(274,	13,	'Paillaco'),
(275,	13,	'Panguipulli'),
(276,	13,	'La Unión'),
(277,	13,	'Futrono'),
(278,	13,	'Lago Ranco'),
(279,	13,	'Río Bueno'),
(280,	14,	'Puerto Montt'),
(281,	14,	'Calbuco'),
(282,	14,	'Cochamó'),
(283,	14,	'Fresia'),
(284,	14,	'Frutillar'),
(285,	14,	'Los Muermos'),
(286,	14,	'Llanquihue'),
(287,	14,	'Maullín'),
(288,	14,	'Puerto Varas'),
(289,	14,	'Castro'),
(290,	14,	'Ancud'),
(291,	14,	'Chonchi'),
(292,	14,	'Curaco de Vélez'),
(293,	14,	'Dalcahue'),
(294,	14,	'Puqueldón'),
(295,	14,	'Queilén'),
(296,	14,	'Quellón'),
(297,	14,	'Quemchi'),
(298,	14,	'Quinchao'),
(299,	14,	'Osorno'),
(300,	14,	'Puerto Octay'),
(301,	14,	'Purranque'),
(302,	14,	'Puyehue'),
(303,	14,	'Río Negro'),
(304,	14,	'San Juan de la Costa'),
(305,	14,	'San Pablo'),
(306,	14,	'Chaitén'),
(307,	14,	'Futaleufú'),
(308,	14,	'Hualaihué'),
(309,	14,	'Palena'),
(310,	15,	'Coyhaique'),
(311,	15,	'Lago Verde'),
(312,	15,	'Aysén'),
(313,	15,	'Cisnes'),
(314,	15,	'Guaitecas'),
(315,	15,	'Cochrane'),
(316,	15,	'O\'Higgins'),
(317,	15,	'Tortel'),
(318,	15,	'Chile Chico'),
(319,	15,	'Río Ibáñez'),
(320,	16,	'Punta Arenas'),
(321,	16,	'Laguna Blanca'),
(322,	16,	'Río Verde'),
(323,	16,	'San Gregorio'),
(324,	16,	'Cabo de Hornos (Ex-Navarino)'),
(325,	16,	'Antártica'),
(326,	16,	'Porvenir'),
(327,	16,	'Primavera'),
(328,	16,	'Timaukel'),
(329,	16,	'Natales'),
(330,	16,	'Torres del Paine');

TRUNCATE `regions`;
INSERT INTO `regions` (`id`, `name`) VALUES
(1,	'Arica y Parinacota'),
(2,	'Tarapacá'),
(3,	'Antofagasta'),
(4,	'Atacama'),
(5,	'Coquimbo'),
(6,	'Valparaíso'),
(7,	'Región Metropolitana de Santiago'),
(8,	'O\'Higgins'),
(9,	'Maule'),
(10,	'Ñuble'),
(11,	'Biobío'),
(12,	'La Araucanía'),
(13,	'Los Ríos'),
(14,	'Los Lagos'),
(15,	'Aysén del General Carlos Ibáñez del Campo'),
(16,	'Magallanes y de la Antártica Chilena');

-- 2023-06-13 14:36:27
